fixtureId,sfen,movetimeMs,multipv,threads,hashMb,sampleCount,successCount,avgWallLatencyMs,p50WallLatencyMs,p95WallLatencyMs,avgElapsedMs,avgActualNodes,avgNps,avgEngineCpuDeltaMs,avgCompletedDepth,terminalCounts,incompleteCount,boundInfoCount,candidateSnapshots
initial-position,lnsgkgsnl/1r5b1/ppppppppp/9/9/9/PPPPPPPPP/1B5R1/LNSGKGSNL b - 1,1000,2,1,256,5,5,1423.1,1388.5,1480.4,1000.2,908456.8,908276.4,1014,21,"{""ok"":5}",0,0,"[{""label"":""initial-position:mt1000-mpv2-t1-h256:warm1"",""candidates"":[{""move"":""7g7f"",""pvUsi"":[""7g7f"",""8c8d"",""2g2f"",""4a3b"",""2f2e"",""9c9d"",""8h7g"",""3c3d"",""7i6h"",""2b7g+"",""6h7g"",""3a2b"",""9g9f"",""1c1d"",""1g1f""],""depth"":21,""scoreCp"":71},{""move"":""2g2f"",""pvUsi"":[""2g2f"",""8c8d"",""7g7f"",""4a3b"",""2f2e"",""9c9d"",""8h7g"",""3c3d"",""7i6h"",""2b7g"",""6h7g"",""3a2b"",""3i3h"",""2b3c"",""9g9f"",""6a5b""],""depth"":21,""scoreCp"":60}]},{""label"":""initial-position:mt1000-mpv2-t1-h256:warm2"",""candidates"":[{""move"":""2g2f"",""pvUsi"":[""2g2f"",""8c8d"",""7g7f"",""4a3b"",""2f2e"",""9c9d"",""8h7g"",""3c3d"",""7i6h"",""2b7g"",""6h7g"",""3a2b"",""3i3h"",""2b3c"",""9g9f"",""6a5b""],""depth"":21,""scoreCp"":60},{""move"":""7g7f"",""pvUsi"":[""7g7f"",""9c9d""],""depth"":21,""scoreCp"":53}]},{""label"":""initial-position:mt1000-mpv2-t1-h256:warm3"",""candidates"":[{""move"":""2g2f"",""pvUsi"":[""2g2f"",""8c8d"",""7g7f"",""4a3b"",""2f2e"",""9c9d"",""8h7g"",""3c3d"",""7i6h"",""2b7g"",""6h7g"",""3a2b"",""3i3h"",""2b3c"",""9g9f"",""6a5b""],""depth"":21,""scoreCp"":60},{""move"":""7g7f"",""pvUsi"":[""7g7f"",""9c9d""],""depth"":21,""scoreCp"":53}]},{""label"":""initial-position:mt1000-mpv2-t1-h256:warm4"",""candidates"":[{""move"":""2g2f"",""pvUsi"":[""2g2f"",""8c8d"",""7g7f"",""4a3b"",""2f2e"",""9c9d"",""8h7g"",""3c3d"",""7i6h"",""2b7g"",""6h7g"",""3a2b"",""3i3h"",""2b3c"",""9g9f"",""6a5b""],""depth"":21,""scoreCp"":60},{""move"":""7g7f"",""pvUsi"":[""7g7f"",""9c9d""],""depth"":21,""scoreCp"":53}]},{""label"":""initial-position:mt1000-mpv2-t1-h256:warm5"",""candidates"":[{""move"":""2g2f"",""pvUsi"":[""2g2f"",""8c8d"",""7g7f"",""4a3b"",""2f2e"",""9c9d"",""8h7g"",""3c3d"",""7i6h"",""2b7g"",""6h7g"",""3a2b"",""3i3h"",""2b3c"",""9g9f"",""6a5b""],""depth"":21,""scoreCp"":60},{""move"":""7g7f"",""pvUsi"":[""7g7f"",""9c9d""],""depth"":21,""scoreCp"":53}]}]"
quiet-no-mate,1n1g1ksn1/l1rsg2b1/p1pp1p+Bpl/1p2p4/8p/2P3P1P/PP1PPPSP1/3S4R/LNG1KG1NL b P 1,1000,2,1,256,5,5,1432.8,1396.4,1535.1,1000.4,690025.4,689769.3,1024,17.8,"{""ok"":5}",0,0,"[{""label"":""quiet-no-mate:mt1000-mpv2-t1-h256:warm1"",""candidates"":[{""move"":""3c2c"",""pvUsi"":[""3c2c"",""4a5a"",""1f1e"",""2b9i+"",""1e1d"",""1c1d"",""1h1d"",""L*1c"",""1d3d"",""P*3c"",""3d3e"",""1c1i+"",""3e1e"",""6b5c"",""1e1i"",""L*2b"",""2c5f"",""2b2g+"",""1i1b+"",""2g3g"",""2i3g""],""depth"":18,""scoreCp"":1495},{""move"":""3c2b"",""pvUsi"":[""3c2b"",""3a2b"",""1f1e"",""B*3c"",""B*6f"",""1c1e"",""1h1e"",""3c1e"",""1i1e"",""2b3c"",""1e1b+"",""4a5a"",""1b2a"",""3c4d"",""6f4d"",""4c4d"",""S*8c"",""7b7a"",""B*3c"",""5b4b""],""depth"":18,""scoreCp"":1463}]},{""label"":""quiet-no-mate:mt1000-mpv2-t1-h256:warm2"",""candidates"":[{""move"":""3c2c"",""pvUsi"":[""3c2c"",""4a5a"",""1f1e"",""2b9i+"",""1e1d"",""1c1d"",""1h1d"",""L*1c"",""1d3d"",""P*3c"",""3d3e"",""1c1i+"",""3e1e"",""6b5c"",""1e1i"",""L*2b"",""2c5f"",""2b2g+"",""1i1b+"",""2g3g"",""2i3g""],""depth"":18,""scoreCp"":1495},{""move"":""3c2b"",""pvUsi"":[""3c2b"",""3a2b"",""1f1e"",""B*3c"",""B*6f"",""1c1e"",""1h1e"",""3c1e"",""1i1e"",""2b3c"",""1e1b+"",""4a5a"",""1b2a"",""3c4d"",""6f4d"",""4c4d"",""S*8c"",""7b7a"",""B*3c"",""5b4b""],""depth"":18,""scoreCp"":1463}]},{""label"":""quiet-no-mate:mt1000-mpv2-t1-h256:warm3"",""candidates"":[{""move"":""3c2c"",""pvUsi"":[""3c2c"",""4a5a"",""1f1e"",""2b9i+"",""1e1d"",""3a2b"",""1d1c+"",""2b2c"",""1c2c"",""6b5c"",""1h1b+"",""2a3c"",""8i7g"",""3c4e"",""3g4f"",""L*4d"",""S*8c""],""depth"":17,""scoreCp"":1537},{""move"":""3c2b"",""pvUsi"":[""3c2b"",""3a2b"",""1f1e"",""B*3c"",""B*6f"",""1c1e"",""1h1e"",""3c1e"",""1i1e"",""2b3c"",""1e1b+"",""4a5a"",""1b2a"",""3c4d"",""6f4d"",""4c4d"",""S*8c"",""7b7a"",""B*3c"",""5b4b""],""depth"":17,""scoreCp"":1463}]},{""label"":""quiet-no-mate:mt1000-mpv2-t1-h256:warm4"",""candidates"":[{""move"":""3c2c"",""pvUsi"":[""3c2c"",""4a5a"",""1f1e"",""2b9i+"",""1e1d"",""1c1d"",""1h1d"",""L*1c"",""1d3d"",""P*3c"",""3d3e"",""1c1i+"",""3e1e"",""6b5c"",""1e1i"",""L*2b"",""2c5f"",""2b2g+"",""1i1b+"",""2g3g"",""2i3g""],""depth"":18,""scoreCp"":1495},{""move"":""3c2b"",""pvUsi"":[""3c2b"",""3a2b"",""1f1e"",""B*3c"",""B*6f"",""1c1e"",""1h1e"",""3c1e"",""1i1e"",""2b3c"",""1e1b+"",""4a5a"",""1b2a"",""3c4d"",""6f4d"",""4c4d"",""S*8c"",""7b7a"",""B*3c"",""5b4b""],""depth"":18,""scoreCp"":1463}]},{""label"":""quiet-no-mate:mt1000-mpv2-t1-h256:warm5"",""candidates"":[{""move"":""3c2c"",""pvUsi"":[""3c2c"",""4a5a"",""1f1e"",""2b9i+"",""1e1d"",""1c1d"",""1h1d"",""L*1c"",""1d3d"",""P*3c"",""3d3e"",""1c1i+"",""3e1e"",""6b5c"",""1e1i"",""L*2b"",""2c5f"",""2b2g+"",""1i1b+"",""2g3g"",""2i3g""],""depth"":18,""scoreCp"":1495},{""move"":""3c2b"",""pvUsi"":[""3c2b"",""3a2b"",""1f1e"",""B*3c"",""B*6f"",""1c1e"",""1h1e"",""3c1e"",""1i1e"",""2b3c"",""1e1b+"",""4a5a"",""1b2a"",""3c4d"",""6f4d"",""4c4d"",""S*8c"",""7b7a"",""B*3c"",""5b4b""],""depth"":18,""scoreCp"":1463}]}]"
sente-middlegame,1nrg3n1/l2s2k2/p1p1gp1pl/1p1pp2s1/6P1p/b1P5P/PP1PPP1P1/L1KSRSG2/1NG4NL b BP 1,1000,2,1,256,5,5,1519.94,1484.9,1766.4,1000.2,721359.2,721217,1036,18,"{""ok"":5}",0,0,"[{""label"":""sente-middlegame:mt1000-mpv2-t1-h256:warm1"",""candidates"":[{""move"":""9g9f"",""pvUsi"":[""9g9f"",""7c7d"",""B*8c"",""7d7e"",""7f7e"",""1e1f"",""8c9b+"",""6a5b"",""5h5i"",""1f1g+"",""2i1g"",""8a7c"",""9b9c"",""1c1g+"",""9c7a"",""6b7a"",""R*1b"",""B*2b""],""depth"":18,""scoreCp"":2034},{""move"":""1f1e"",""pvUsi"":[""1f1e"",""9f8e"",""1e1d"",""1c1d"",""1i1d"",""P*1c"",""P*1b"",""7c7d"",""1b1a+"",""1c1d"",""1a2a"",""7d7e"",""3e3d"",""7e7f"",""7h6i"",""4c4d"",""7i7h"",""L*7e"",""L*2f"",""7f7g+"",""8i7g"",""7e7g+"",""6h7g""],""depth"":18,""scoreCp"":1252}]},{""label"":""sente-middlegame:mt1000-mpv2-t1-h256:warm2"",""candidates"":[{""move"":""9g9f"",""pvUsi"":[""9g9f"",""7c7d"",""B*8c"",""7d7e"",""7f7e"",""1e1f"",""8c9b+"",""6a5b"",""5h5i"",""1f1g+"",""2i1g"",""8a7c"",""9b9c"",""1c1g+"",""9c7a"",""6b7a"",""R*1b"",""B*2b""],""depth"":18,""scoreCp"":2034},{""move"":""1f1e"",""pvUsi"":[""1f1e"",""9f8e"",""1e1d"",""1c1d"",""1i1d"",""P*1c"",""P*1b"",""7c7d"",""1b1a+"",""1c1d"",""1a2a"",""7d7e"",""3e3d"",""7e7f"",""7h6i"",""4c4d"",""7i7h"",""L*7e"",""L*2f"",""7f7g+"",""8i7g"",""7e7g+"",""6h7g""],""depth"":18,""scoreCp"":1252}]},{""label"":""sente-middlegame:mt1000-mpv2-t1-h256:warm3"",""candidates"":[{""move"":""9g9f"",""pvUsi"":[""9g9f"",""7c7d"",""B*8c"",""7d7e"",""7f7e"",""1e1f"",""8c9b+"",""6a5b"",""5h5i"",""1f1g+"",""2i1g"",""8a7c"",""9b9c"",""1c1g+"",""9c7a"",""6b7a"",""R*1b"",""B*2b""],""depth"":18,""scoreCp"":2034},{""move"":""1f1e"",""pvUsi"":[""1f1e"",""9f8e"",""1e1d"",""1c1d"",""1i1d"",""P*1c"",""P*1b"",""7c7d"",""1b1a+"",""1c1d"",""1a2a"",""7d7e"",""3e3d"",""7e7f"",""7h6i"",""4c4d"",""7i7h"",""L*7e"",""L*2f"",""7f7g+"",""8i7g"",""7e7g+"",""6h7g""],""depth"":18,""scoreCp"":1252}]},{""label"":""sente-middlegame:mt1000-mpv2-t1-h256:warm4"",""candidates"":[{""move"":""9g9f"",""pvUsi"":[""9g9f"",""7c7d"",""B*8c"",""7d7e"",""7f7e"",""1e1f"",""8c9b+"",""6a5b"",""5h5i"",""1f1g+"",""2i1g"",""8a7c"",""9b9c"",""1c1g+"",""9c7a"",""6b7a"",""R*1b"",""B*2b""],""depth"":18,""scoreCp"":2034},{""move"":""1f1e"",""pvUsi"":[""1f1e"",""9f8e"",""1e1d"",""1c1d"",""1i1d"",""P*1c"",""P*1b"",""7c7d"",""1b1a+"",""1c1d"",""1a2a"",""7d7e"",""3e3d"",""7e7f"",""7h6i"",""4c4d"",""7i7h"",""L*7e"",""L*2f"",""7f7g+"",""8i7g"",""7e7g+"",""6h7g""],""depth"":18,""scoreCp"":1252}]},{""label"":""sente-middlegame:mt1000-mpv2-t1-h256:warm5"",""candidates"":[{""move"":""9g9f"",""pvUsi"":[""9g9f"",""7c7d"",""B*8c"",""7d7e"",""7f7e"",""1e1f"",""8c9b+"",""6a5b"",""5h5i"",""1f1g+"",""2i1g"",""8a7c"",""9b9c"",""1c1g+"",""9c7a"",""6b7a"",""R*1b"",""B*2b""],""depth"":18,""scoreCp"":2034},{""move"":""1f1e"",""pvUsi"":[""1f1e"",""9f8e"",""1e1d"",""1c1d"",""1i1d"",""P*1c"",""P*1b"",""7c7d"",""1b1a+"",""1c1d"",""1a2a"",""7d7e"",""3e3d"",""7e7f"",""7h6i"",""4c4d"",""7i7h"",""L*7e"",""L*2f"",""7f7g+"",""8i7g"",""7e7g+"",""6h7g""],""depth"":18,""scoreCp"":1252}]}]"
gote-middlegame,1nrgB2n1/l2s2k2/p1p1gp1pl/1p1pp2s1/6P1p/b1P5P/PP1PPP1P1/L1KSRSG2/1NG4NL w P 1,1000,2,1,256,5,5,1436.36,1467.5,1488.7,1000.2,755047.2,754897.8,1038,18,"{""ok"":5}",0,0,"[{""label"":""gote-middlegame:mt1000-mpv2-t1-h256:warm1"",""candidates"":[{""move"":""9f8g"",""pvUsi"":[""9f8g"",""7h8g"",""6a5a"",""B*8b"",""7a6a"",""8b9a+"",""1e1f"",""9a9b"",""7c7d"",""9b8c"",""8d8e"",""8c6a"",""5a6a"",""3e3d"",""8e8f"",""8g8f"",""1f1g+"",""2i1g"",""1c1g+"",""1i1g""],""depth"":18,""scoreCp"":228},{""move"":""9f8g+"",""pvUsi"":[""9f8g+"",""7h8g"",""6a5a"",""B*8b"",""7a6a"",""8b9a+"",""1e1f"",""9a9b"",""7c7d"",""9b8c"",""8d8e"",""8c6a"",""5a6a"",""3e3d"",""8e8f"",""8g8f"",""P*8h""],""depth"":18,""scoreCp"":231}]},{""label"":""gote-middlegame:mt1000-mpv2-t1-h256:warm2"",""candidates"":[{""move"":""9f8g"",""pvUsi"":[""9f8g"",""7h8g"",""6a5a"",""B*8b"",""7a6a"",""8b9a+"",""1e1f"",""9a9b"",""7c7d"",""9b8c"",""8d8e"",""8c6a"",""5a6a"",""3e3d"",""8e8f"",""8g8f"",""1f1g+"",""2i1g"",""1c1g+"",""1i1g""],""depth"":18,""scoreCp"":228},{""move"":""9f8g+"",""pvUsi"":[""9f8g+"",""7h8g"",""6a5a"",""B*8b"",""7a6a"",""8b9a+"",""1e1f"",""9a9b"",""7c7d"",""9b8c"",""8d8e"",""8c6a"",""5a6a"",""3e3d"",""8e8f"",""8g8f"",""P*8h""],""depth"":18,""scoreCp"":231}]},{""label"":""gote-middlegame:mt1000-mpv2-t1-h256:warm3"",""candidates"":[{""move"":""9f8g"",""pvUsi"":[""9f8g"",""7h8g"",""6a5a"",""B*8b"",""7a6a"",""8b9a+"",""1e1f"",""9a9b"",""7c7d"",""9b8c"",""8d8e"",""8c6a"",""5a6a"",""3e3d"",""8e8f"",""8g8f"",""1f1g+"",""2i1g"",""1c1g+"",""1i1g""],""depth"":18,""scoreCp"":228},{""move"":""9f8g+"",""pvUsi"":[""9f8g+"",""7h8g"",""6a5a"",""B*8b"",""7a6a"",""8b9a+"",""1e1f"",""9a9b"",""7c7d"",""9b8c"",""8d8e"",""8c6a"",""5a6a"",""3e3d"",""8e8f"",""8g8f"",""P*8h""],""depth"":18,""scoreCp"":231}]},{""label"":""gote-middlegame:mt1000-mpv2-t1-h256:warm4"",""candidates"":[{""move"":""9f8g"",""pvUsi"":[""9f8g"",""7h8g"",""6a5a"",""B*8b"",""7a6a"",""8b9a+"",""1e1f"",""9a9b"",""7c7d"",""9b8c"",""8d8e"",""8c6a"",""5a6a"",""3e3d"",""8e8f"",""8g8f"",""1f1g+"",""2i1g"",""1c1g+"",""1i1g""],""depth"":18,""scoreCp"":228},{""move"":""9f8g+"",""pvUsi"":[""9f8g+"",""7h8g"",""6a5a"",""B*8b"",""7a6a"",""8b9a+"",""1e1f"",""9a9b"",""7c7d"",""9b8c"",""8d8e"",""8c6a"",""5a6a"",""3e3d"",""8e8f"",""8g8f"",""P*8h""],""depth"":18,""scoreCp"":231}]},{""label"":""gote-middlegame:mt1000-mpv2-t1-h256:warm5"",""candidates"":[{""move"":""9f8g"",""pvUsi"":[""9f8g"",""7h8g"",""6a5a"",""B*8b"",""7a6a"",""8b9a+"",""1e1f"",""9a9b"",""7c7d"",""9b8c"",""8d8e"",""8c6a"",""5a6a"",""3e3d"",""8e8f"",""8g8f"",""1f1g+"",""2i1g"",""1c1g+"",""1i1g""],""depth"":18,""scoreCp"":228},{""move"":""9f8g+"",""pvUsi"":[""9f8g+"",""7h8g"",""6a5a"",""B*8b"",""7a6a"",""8b9a+"",""1e1f"",""9a9b"",""7c7d"",""9b8c"",""8d8e"",""8c6a"",""5a6a"",""3e3d"",""8e8f"",""8g8f"",""P*8h""],""depth"":18,""scoreCp"":231}]}]"
middlegame-60,1nr1g1kn1/l2sb4/p1p1gpppl/1p2p4/3p2P2/1PP2+B1sp/P1KPPP2P/L1G1RSG2/1N2S2NL b p 1,1000,2,1,256,5,5,1492.86,1475.5,1678.1,1000,729123.4,729123.4,1036,19,"{""ok"":5}",0,0,"[{""label"":""middlegame-60:mt1000-mpv2-t1-h256:warm1"",""candidates"":[{""move"":""3h3g"",""pvUsi"":[""3h3g"",""2f1g+"",""3e3d"",""3c3d"",""2i1g"",""1f1g+"",""5g5f"",""5a4b"",""5f5e"",""5d5e"",""4f5e"",""5c4d"",""5e6d"",""P*5c"",""P*1b"",""P*1h"",""1b1a+"",""1h1i+"",""1a2a"",""3a2a"",""6d6e"",""7c7d"",""N*2e"",""7d7e"",""2e1c+"",""7e7f"",""6e7f"",""7a7f"",""7g7f""],""depth"":19,""scoreCp"":761},{""move"":""1g1f"",""pvUsi"":[""1g1f"",""5c4d"",""1f1e"",""2f3e"",""4f6d"",""3a3b"",""5g5f"",""7a6a"",""1e1d"",""6b6c"",""6d2h"",""1c1d"",""1i1d"",""P*1c"",""1d1c+"",""2a1c"",""P*1d"",""1c2e"",""1d1c+"",""8d8e"",""8f8e"",""7c7d"",""2h8b""],""depth"":19,""scoreCp"":744}]},{""label"":""middlegame-60:mt1000-mpv2-t1-h256:warm2"",""candidates"":[{""move"":""3h3g"",""pvUsi"":[""3h3g"",""2f1g+"",""3e3d"",""3c3d"",""2i1g"",""1f1g+"",""5g5f"",""5a4b"",""5f5e"",""5d5e"",""4f5e"",""5c4d"",""5e6d"",""P*5c"",""P*1b"",""P*1h"",""1b1a+"",""1h1i+"",""1a2a"",""3a2a"",""6d6e"",""7c7d"",""N*2e"",""7d7e"",""2e1c+"",""7e7f"",""6e7f"",""7a7f"",""7g7f""],""depth"":19,""scoreCp"":761},{""move"":""1g1f"",""pvUsi"":[""1g1f"",""5c4d"",""1f1e"",""2f3e"",""4f6d"",""3a3b"",""5g5f"",""7a6a"",""1e1d"",""6b6c"",""6d2h"",""1c1d"",""1i1d"",""P*1c"",""1d1c+"",""2a1c"",""P*1d"",""1c2e"",""1d1c+"",""8d8e"",""8f8e"",""7c7d"",""2h8b""],""depth"":19,""scoreCp"":744}]},{""label"":""middlegame-60:mt1000-mpv2-t1-h256:warm3"",""candidates"":[{""move"":""3h3g"",""pvUsi"":[""3h3g"",""2f1g+"",""3e3d"",""3c3d"",""2i1g"",""1f1g+"",""5g5f"",""5a4b"",""5f5e"",""5d5e"",""4f5e"",""5c4d"",""5e6d"",""P*5c"",""P*1b"",""P*1h"",""1b1a+"",""1h1i+"",""1a2a"",""3a2a"",""6d6e"",""7c7d"",""N*2e"",""7d7e"",""2e1c+"",""7e7f"",""6e7f"",""7a7f"",""7g7f""],""depth"":19,""scoreCp"":761},{""move"":""1g1f"",""pvUsi"":[""1g1f"",""5c4d"",""1f1e"",""2f3e"",""4f6d"",""3a3b"",""5g5f"",""7a6a"",""1e1d"",""6b6c"",""6d2h"",""1c1d"",""1i1d"",""P*1c"",""1d1c+"",""2a1c"",""P*1d"",""1c2e"",""1d1c+"",""8d8e"",""8f8e"",""7c7d"",""2h8b""],""depth"":19,""scoreCp"":744}]},{""label"":""middlegame-60:mt1000-mpv2-t1-h256:warm4"",""candidates"":[{""move"":""3h3g"",""pvUsi"":[""3h3g"",""2f1g+"",""3e3d"",""3c3d"",""2i1g"",""1f1g+"",""5g5f"",""5a4b"",""5f5e"",""5d5e"",""4f5e"",""5c4d"",""5e6d"",""P*5c"",""P*1b"",""P*1h"",""1b1a+"",""1h1i+"",""1a2a"",""3a2a"",""6d6e"",""7c7d"",""N*2e"",""7d7e"",""2e1c+"",""7e7f"",""6e7f"",""7a7f"",""7g7f""],""depth"":19,""scoreCp"":761},{""move"":""1g1f"",""pvUsi"":[""1g1f"",""5c4d"",""1f1e"",""2f3e"",""4f6d"",""3a3b"",""5g5f"",""7a6a"",""1e1d"",""6b6c"",""6d2h"",""1c1d"",""1i1d"",""P*1c"",""1d1c+"",""2a1c"",""P*1d"",""1c2e"",""1d1c+"",""8d8e"",""8f8e"",""7c7d"",""2h8b""],""depth"":19,""scoreCp"":744}]},{""label"":""middlegame-60:mt1000-mpv2-t1-h256:warm5"",""candidates"":[{""move"":""3h3g"",""pvUsi"":[""3h3g"",""2f1g+"",""3e3d"",""3c3d"",""2i1g"",""1f1g+"",""5g5f"",""5a4b"",""5f5e"",""5d5e"",""4f5e"",""5c4d"",""5e6d"",""P*5c"",""P*1b"",""P*1h"",""1b1a+"",""1h1i+"",""1a2a"",""3a2a"",""6d6e"",""7c7d"",""N*2e"",""7d7e"",""2e1c+"",""7e7f"",""6e7f"",""7a7f"",""7g7f""],""depth"":19,""scoreCp"":761},{""move"":""1g1f"",""pvUsi"":[""1g1f"",""5c4d"",""1f1e"",""2f3e"",""4f6d"",""3a3b"",""5g5f"",""7a6a"",""1e1d"",""6b6c"",""6d2h"",""1c1d"",""1i1d"",""P*1c"",""1d1c+"",""2a1c"",""P*1d"",""1c2e"",""1d1c+"",""8d8e"",""8f8e"",""7c7d"",""2h8b""],""depth"":19,""scoreCp"":744}]}]"
middlegame-80,1nsg3nk/l1r6/p1p1gppp1/1p1+B5/1b1pp1P1l/1PP1PP2p/P2P3GN/LKG1R1S1L/1NS1S4 b 2p 1,1000,2,1,256,5,5,1429.92,1463.9,1482.6,1000.2,717075.6,716934.9,1038,18,"{""ok"":5}",0,0,"[{""label"":""middlegame-80:mt1000-mpv2-t1-h256:warm1"",""candidates"":[{""move"":""6d5c"",""pvUsi"":[""6d5c"",""8e7f"",""1g2e"",""6e6f"",""6g6f"",""1a2b"",""5c7e"",""7f9d"",""5f5e"",""8d8e"",""8f8e"",""7c7d"",""7e8f"",""9d8e"",""8f8e"",""P*8g"",""8h8g""],""depth"":18,""scoreCp"":2166},{""move"":""6d7e"",""pvUsi"":[""6d7e"",""1f1g+"",""2g1g"",""7b1b"",""7e5c"",""1e1g+"",""1h1g"",""1b1g+"",""8f8e"",""6e6f"",""P*1c"",""G*2b"",""L*1b"",""2b1b"",""1c1b+"",""1g1b""],""depth"":18,""scoreCp"":1854}]},{""label"":""middlegame-80:mt1000-mpv2-t1-h256:warm2"",""candidates"":[{""move"":""6d5c"",""pvUsi"":[""6d5c"",""8e7f"",""1g2e"",""6e6f"",""6g6f"",""1a2b"",""5c7e"",""7f9d"",""5f5e"",""8d8e"",""8f8e"",""7c7d"",""7e8f"",""9d8e"",""8f8e"",""P*8g"",""8h8g""],""depth"":18,""scoreCp"":2166},{""move"":""6d7e"",""pvUsi"":[""6d7e"",""1f1g+"",""2g1g"",""7b1b"",""7e5c"",""1e1g+"",""1h1g"",""1b1g+"",""8f8e"",""6e6f"",""P*1c"",""G*2b"",""L*1b"",""2b1b"",""1c1b+"",""1g1b""],""depth"":18,""scoreCp"":1854}]},{""label"":""middlegame-80:mt1000-mpv2-t1-h256:warm3"",""candidates"":[{""move"":""6d5c"",""pvUsi"":[""6d5c"",""8e7f"",""1g2e"",""6e6f"",""6g6f"",""1a2b"",""5c7e"",""7f9d"",""5f5e"",""8d8e"",""8f8e"",""7c7d"",""7e8f"",""9d8e"",""8f8e"",""P*8g"",""8h8g""],""depth"":18,""scoreCp"":2166},{""move"":""6d7e"",""pvUsi"":[""6d7e"",""1f1g+"",""2g1g"",""7b1b"",""7e5c"",""1e1g+"",""1h1g"",""1b1g+"",""8f8e"",""6e6f"",""P*1c"",""G*2b"",""L*1b"",""2b1b"",""1c1b+"",""1g1b""],""depth"":18,""scoreCp"":1854}]},{""label"":""middlegame-80:mt1000-mpv2-t1-h256:warm4"",""candidates"":[{""move"":""6d5c"",""pvUsi"":[""6d5c"",""8e7f"",""1g2e"",""6e6f"",""6g6f"",""1a2b"",""5c7e"",""7f9d"",""5f5e"",""8d8e"",""8f8e"",""7c7d"",""7e8f"",""9d8e"",""8f8e"",""P*8g"",""8h8g""],""depth"":18,""scoreCp"":2166},{""move"":""6d7e"",""pvUsi"":[""6d7e"",""1f1g+"",""2g1g"",""7b1b"",""7e5c"",""1e1g+"",""1h1g"",""1b1g+"",""8f8e"",""6e6f"",""P*1c"",""G*2b"",""L*1b"",""2b1b"",""1c1b+"",""1g1b""],""depth"":18,""scoreCp"":1854}]},{""label"":""middlegame-80:mt1000-mpv2-t1-h256:warm5"",""candidates"":[{""move"":""6d5c"",""pvUsi"":[""6d5c"",""8e7f"",""1g2e"",""6e6f"",""6g6f"",""1a2b"",""5c7e"",""7f9d"",""5f5e"",""8d8e"",""8f8e"",""7c7d"",""7e8f"",""9d8e"",""8f8e"",""P*8g"",""8h8g""],""depth"":18,""scoreCp"":2166},{""move"":""6d7e"",""pvUsi"":[""6d7e"",""1f1g+"",""2g1g"",""7b1b"",""7e5c"",""1e1g+"",""1h1g"",""1b1g+"",""8f8e"",""6e6f"",""P*1c"",""G*2b"",""L*1b"",""2b1b"",""1c1b+"",""1g1b""],""depth"":18,""scoreCp"":1854}]}]"
hand-piece-rich,1n2g4/l1s3k1r/p1+B1gp1pn/Bp7/1PPp5/5P2l/PG1P+pS2N/LK2R3L/1NS1S4 b 2Pg5p 1,1000,2,1,256,5,5,1457.78,1466.9,1487.7,1000.4,707520.6,707234.5,1036,17,"{""ok"":5}",0,0,"[{""label"":""hand-piece-rich:mt1000-mpv2-t1-h256:warm1"",""candidates"":[{""move"":""7c5a"",""pvUsi"":[""7c5a"",""9c9d"",""P*3c"",""3b2b"",""G*3b"",""2b1a"",""P*2b"",""1b2b"",""3b2b"",""1a2b"",""5h5g"",""B*4d"",""8h7h"",""G*3a"",""P*1d"",""1f1g+"",""1h1g"",""4d1g+"",""1d1c+"",""2b1c""],""depth"":17,""scoreCp"":2182},{""move"":""9d7b+"",""pvUsi"":[""9d7b+"",""8a7c"",""5h5g"",""P*5f"",""4g5f"",""7c8e"",""P*3c"",""3b4a"",""7b4e"",""B*6i"",""4e2c"",""4a5b"",""2c1b"",""8e9g+"",""9h9g""],""depth"":17,""scoreCp"":1503}]},{""label"":""hand-piece-rich:mt1000-mpv2-t1-h256:warm2"",""candidates"":[{""move"":""7c5a"",""pvUsi"":[""7c5a"",""9c9d"",""P*3c"",""3b2b"",""G*3b"",""2b1a"",""P*2b"",""1b2b"",""3b2b"",""1a2b"",""5h5g"",""B*4d"",""8h7h"",""G*3a"",""P*1d"",""1f1g+"",""1h1g"",""4d1g+"",""1d1c+"",""2b1c""],""depth"":17,""scoreCp"":2182},{""move"":""9d7b+"",""pvUsi"":[""9d7b+"",""8a7c"",""5h5g"",""P*5f"",""4g5f"",""7c8e"",""P*3c"",""3b4a"",""7b4e"",""B*6i"",""4e2c"",""4a5b"",""2c1b"",""8e9g+"",""9h9g""],""depth"":17,""scoreCp"":1503}]},{""label"":""hand-piece-rich:mt1000-mpv2-t1-h256:warm3"",""candidates"":[{""move"":""7c5a"",""pvUsi"":[""7c5a"",""9c9d"",""P*3c"",""3b2b"",""G*3b"",""2b1a"",""P*2b"",""1b2b"",""3b2b"",""1a2b"",""5h5g"",""B*4d"",""8h7h"",""G*3a"",""P*1d"",""1f1g+"",""1h1g"",""4d1g+"",""1d1c+"",""2b1c""],""depth"":17,""scoreCp"":2182},{""move"":""9d7b+"",""pvUsi"":[""9d7b+"",""8a7c"",""5h5g"",""P*5f"",""4g5f"",""7c8e"",""P*3c"",""3b4a"",""7b4e"",""B*6i"",""4e2c"",""4a5b"",""2c1b"",""8e9g+"",""9h9g""],""depth"":17,""scoreCp"":1503}]},{""label"":""hand-piece-rich:mt1000-mpv2-t1-h256:warm4"",""candidates"":[{""move"":""7c5a"",""pvUsi"":[""7c5a"",""9c9d"",""P*3c"",""3b2b"",""G*3b"",""2b1a"",""P*2b"",""1b2b"",""3b2b"",""1a2b"",""5h5g"",""B*4d"",""8h7h"",""G*3a"",""P*1d"",""1f1g+"",""1h1g"",""4d1g+"",""1d1c+"",""2b1c""],""depth"":17,""scoreCp"":2182},{""move"":""9d7b+"",""pvUsi"":[""9d7b+"",""8a7c"",""5h5g"",""P*5f"",""4g5f"",""7c8e"",""P*3c"",""3b4a"",""7b4e"",""B*6i"",""4e2c"",""4a5b"",""2c1b"",""8e9g+"",""9h9g""],""depth"":17,""scoreCp"":1503}]},{""label"":""hand-piece-rich:mt1000-mpv2-t1-h256:warm5"",""candidates"":[{""move"":""7c5a"",""pvUsi"":[""7c5a"",""9c9d"",""P*3c"",""3b2b"",""G*3b"",""2b1a"",""P*2b"",""1b2b"",""3b2b"",""1a2b"",""5h5g"",""B*4d"",""8h7h"",""G*3a"",""P*1d"",""1f1g+"",""1h1g"",""4d1g+"",""1d1c+"",""2b1c""],""depth"":17,""scoreCp"":2182},{""move"":""9d7b+"",""pvUsi"":[""9d7b+"",""8a7c"",""5h5g"",""P*5f"",""4g5f"",""7c8e"",""P*3c"",""3b4a"",""7b4e"",""B*6i"",""4e2c"",""4a5b"",""2c1b"",""8e9g+"",""9h9g""],""depth"":17,""scoreCp"":1503}]}]"
middlegame-120,1n2g4/+B1s1k3r/p+P2gp1pn/B8/2Pp2p2/1p2LP2l/PG1P+pS2N/LKR4PL/1NS1S1+p1g b 2P2p 1,1000,2,1,256,5,5,1433.54,1460,1476.7,1000.6,706697.2,706274.5,1038,16,"{""ok"":5}",0,0,"[{""label"":""middlegame-120:mt1000-mpv2-t1-h256:warm1"",""candidates"":[{""move"":""9d8e"",""pvUsi"":[""9d8e"",""5b4b"",""5f5c+"",""4b3c"",""8g8f"",""3c2d"",""8c7b"",""1i1h"",""G*2f"",""1h1g"",""S*1e"",""2d3d"",""9b6e"",""P*8g"",""8h8g"",""N*9e"",""8f9e""],""depth"":16,""scoreCp"":1792},{""move"":""8g8f"",""pvUsi"":[""8g8f"",""9c9d"",""8c7b"",""5g6g"",""9b7d"",""5b4b"",""7h7f"",""P*5d"",""7b8a"",""1f1g+"",""1h1g"",""B*2b"",""8h8g""],""depth"":16,""scoreCp"":1550}]},{""label"":""middlegame-120:mt1000-mpv2-t1-h256:warm2"",""candidates"":[{""move"":""9d8e"",""pvUsi"":[""9d8e"",""5b4b"",""5f5c+"",""4b3c"",""8g8f"",""3c2d"",""8c7b"",""1i1h"",""G*2f"",""1h1g"",""S*1e"",""2d3d"",""9b6e"",""P*8g"",""8h8g"",""N*9e"",""8f9e""],""depth"":16,""scoreCp"":1792},{""move"":""8g8f"",""pvUsi"":[""8g8f"",""9c9d"",""8c7b"",""5g6g"",""9b7d"",""5b4b"",""7h7f"",""P*5d"",""7b8a"",""1f1g+"",""1h1g"",""B*2b"",""8h8g""],""depth"":16,""scoreCp"":1550}]},{""label"":""middlegame-120:mt1000-mpv2-t1-h256:warm3"",""candidates"":[{""move"":""9d8e"",""pvUsi"":[""9d8e"",""5b4b"",""5f5c+"",""4b3c"",""8g8f"",""3c2d"",""8c7b"",""1i1h"",""G*2f"",""1h1g"",""S*1e"",""2d3d"",""9b6e"",""P*8g"",""8h8g"",""N*9e"",""8f9e""],""depth"":16,""scoreCp"":1792},{""move"":""8g8f"",""pvUsi"":[""8g8f"",""9c9d"",""8c7b"",""5g6g"",""9b7d"",""5b4b"",""7h7f"",""P*5d"",""7b8a"",""1f1g+"",""1h1g"",""B*2b"",""8h8g""],""depth"":16,""scoreCp"":1550}]},{""label"":""middlegame-120:mt1000-mpv2-t1-h256:warm4"",""candidates"":[{""move"":""9d8e"",""pvUsi"":[""9d8e"",""5b4b"",""5f5c+"",""4b3c"",""8g8f"",""3c2d"",""8c7b"",""1i1h"",""G*2f"",""1h1g"",""S*1e"",""2d3d"",""9b6e"",""P*8g"",""8h8g"",""N*9e"",""8f9e""],""depth"":16,""scoreCp"":1792},{""move"":""8g8f"",""pvUsi"":[""8g8f"",""9c9d"",""8c7b"",""5g6g"",""9b7d"",""5b4b"",""7h7f"",""P*5d"",""7b8a"",""1f1g+"",""1h1g"",""B*2b"",""8h8g""],""depth"":16,""scoreCp"":1550}]},{""label"":""middlegame-120:mt1000-mpv2-t1-h256:warm5"",""candidates"":[{""move"":""9d8e"",""pvUsi"":[""9d8e"",""5b4b"",""5f5c+"",""4b3c"",""8g8f"",""3c2d"",""8c7b"",""1i1h"",""G*2f"",""1h1g"",""S*1e"",""2d3d"",""9b6e"",""P*8g"",""8h8g"",""N*9e"",""8f9e""],""depth"":16,""scoreCp"":1792},{""move"":""8g8f"",""pvUsi"":[""8g8f"",""9c9d"",""8c7b"",""5g6g"",""9b7d"",""5b4b"",""7h7f"",""P*5d"",""7b8a"",""1f1g+"",""1h1g"",""B*2b"",""8h8g""],""depth"":16,""scoreCp"":1550}]}]"
middlegame-150,1+Bp6/4+Bgr1p/1P2L1kpn/p4p2n/2Pp2p2/1pG2P3/P2P1S2+l/LKRS+p2PL/1NS1S1+p1g b GN2p 1,1000,2,1,256,5,5,1449.5,1485.6,1506.3,1000.8,701700.6,701141.7,1038,17,"{""ok"":5}",0,0,"[{""label"":""middlegame-150:mt1000-mpv2-t1-h256:warm1"",""candidates"":[{""move"":""G*3d"",""pvUsi"":[""G*3d"",""3c2b"",""5b4b"",""3b3d"",""4b4c"",""1c2e"",""4c3d"",""G*8g"",""8h9i"",""5h5g"",""8a5d"",""8g7h"",""3d4d"",""2b1c"",""4d3e"",""1c2b""],""depth"":17,""scoreCp"":3526},{""move"":""N*4e"",""pvUsi"":[""N*4e"",""4d4e"",""8a4e"",""5h6h"",""G*3d"",""3c2b"",""3d2c"",""2b1a"",""5i6h"",""S*8g"",""8h7g"",""8g7f+"",""7g7f"",""N*6d"",""7f8e"",""G*3a"",""2c3b"",""3a3b"",""1h1g""],""depth"":17,""scoreCp"":1668}]},{""label"":""middlegame-150:mt1000-mpv2-t1-h256:warm2"",""candidates"":[{""move"":""G*3d"",""pvUsi"":[""G*3d"",""3c2b"",""5b4b"",""3b3d"",""4b4c"",""1c2e"",""4c3d"",""G*8g"",""8h9i"",""5h5g"",""8a5d"",""8g7h"",""3d4d"",""2b1c"",""4d3e"",""1c2b""],""depth"":17,""scoreCp"":3526},{""move"":""N*4e"",""pvUsi"":[""N*4e"",""4d4e"",""8a4e"",""5h6h"",""G*3d"",""3c2b"",""3d2c"",""2b1a"",""5i6h"",""S*8g"",""8h7g"",""8g7f+"",""7g7f"",""N*6d"",""7f8e"",""G*3a"",""2c3b"",""3a3b"",""1h1g""],""depth"":17,""scoreCp"":1668}]},{""label"":""middlegame-150:mt1000-mpv2-t1-h256:warm3"",""candidates"":[{""move"":""G*3d"",""pvUsi"":[""G*3d"",""3c2b"",""5b4b"",""3b3d"",""4b4c"",""1c2e"",""4c3d"",""G*8g"",""8h9i"",""5h5g"",""8a5d"",""8g7h"",""3d4d"",""2b1c"",""4d3e"",""1c2b""],""depth"":17,""scoreCp"":3526},{""move"":""N*4e"",""pvUsi"":[""N*4e"",""4d4e"",""8a4e"",""5h6h"",""G*3d"",""3c2b"",""3d2c"",""2b1a"",""5i6h"",""S*8g"",""8h7g"",""8g7f+"",""7g7f"",""N*6d"",""7f8e"",""G*3a"",""2c3b"",""3a3b"",""1h1g""],""depth"":17,""scoreCp"":1668}]},{""label"":""middlegame-150:mt1000-mpv2-t1-h256:warm4"",""candidates"":[{""move"":""G*3d"",""pvUsi"":[""G*3d"",""3c2b"",""5b4b"",""3b3d"",""4b4c"",""1c2e"",""4c3d"",""G*8g"",""8h9i"",""5h5g"",""8a5d"",""8g7h"",""3d4d"",""2b1c"",""4d3e"",""1c2b""],""depth"":17,""scoreCp"":3526},{""move"":""N*4e"",""pvUsi"":[""N*4e"",""4d4e"",""8a4e"",""5h6h"",""G*3d"",""3c2b"",""3d2c"",""2b1a"",""5i6h"",""S*8g"",""8h7g"",""8g7f+"",""7g7f"",""N*6d"",""7f8e"",""G*3a"",""2c3b"",""3a3b"",""1h1g""],""depth"":17,""scoreCp"":1668}]},{""label"":""middlegame-150:mt1000-mpv2-t1-h256:warm5"",""candidates"":[{""move"":""G*3d"",""pvUsi"":[""G*3d"",""3c2b"",""5b4b"",""3b3d"",""4b4c"",""1c2e"",""4c3d"",""G*8g"",""8h9i"",""5h5g"",""8a5d"",""8g7h"",""3d4d"",""2b1c"",""4d3e"",""1c2b""],""depth"":17,""scoreCp"":3526},{""move"":""N*4e"",""pvUsi"":[""N*4e"",""4d4e"",""8a4e"",""5h6h"",""G*3d"",""3c2b"",""3d2c"",""2b1a"",""5i6h"",""S*8g"",""8h7g"",""8g7f+"",""7g7f"",""N*6d"",""7f8e"",""G*3a"",""2c3b"",""3a3b"",""1h1g""],""depth"":17,""scoreCp"":1668}]}]"
mate-in-one,2p2+B2k/1+B3g2p/1P2L1Gpn/p1P2p3/3p2p2/lpG1NP3/P1KP+p3+l/LS1S2SP+n/1NR1S1+pg1 b RPp 1,1000,2,1,256,5,5,1442.46,1476.2,1491.9,1000,1639914.4,1639914.4,1038,51.6,"{""mate"":5}",0,0,"[{""label"":""mate-in-one:mt1000-mpv2-t1-h256:warm1"",""candidates"":[{""move"":""R*3a"",""pvUsi"":[""R*3a""],""depth"":52,""mateSign"":""sente"",""scoreMate"":1},{""move"":""4a4b"",""pvUsi"":[""4a4b"",""8f8g+"",""7g8g"",""P*8f"",""8g8f"",""3i3h"",""G*2b""],""depth"":52,""mateSign"":""sente"",""scoreMate"":7}]},{""label"":""mate-in-one:mt1000-mpv2-t1-h256:warm2"",""candidates"":[{""move"":""R*3a"",""pvUsi"":[""R*3a""],""depth"":51,""mateSign"":""sente"",""scoreMate"":1},{""move"":""4a4b"",""pvUsi"":[""4a4b"",""8f8g+"",""7g8g"",""P*8f"",""8g8f"",""3i3h"",""G*2b""],""depth"":51,""mateSign"":""sente"",""scoreMate"":7}]},{""label"":""mate-in-one:mt1000-mpv2-t1-h256:warm3"",""candidates"":[{""move"":""R*3a"",""pvUsi"":[""R*3a""],""depth"":51,""mateSign"":""sente"",""scoreMate"":1},{""move"":""4a4b"",""pvUsi"":[""4a4b"",""8f8g+"",""7g8g"",""P*8f"",""8g8f"",""3i3h"",""G*2b""],""depth"":51,""mateSign"":""sente"",""scoreMate"":7}]},{""label"":""mate-in-one:mt1000-mpv2-t1-h256:warm4"",""candidates"":[{""move"":""R*3a"",""pvUsi"":[""R*3a""],""depth"":52,""mateSign"":""sente"",""scoreMate"":1},{""move"":""4a4b"",""pvUsi"":[""4a4b"",""8f8g+"",""7g8g"",""P*8f"",""8g8f"",""3i3h"",""G*2b""],""depth"":52,""mateSign"":""sente"",""scoreMate"":7}]},{""label"":""mate-in-one:mt1000-mpv2-t1-h256:warm5"",""candidates"":[{""move"":""R*3a"",""pvUsi"":[""R*3a""],""depth"":52,""mateSign"":""sente"",""scoreMate"":1},{""move"":""4a4b"",""pvUsi"":[""4a4b"",""8f8g+"",""7g8g"",""P*8f"",""8g8f"",""3i3h"",""G*2b""],""depth"":52,""mateSign"":""sente"",""scoreMate"":7}]}]"
single-legal-move,2p5k/4Rg2p/1P2L1Gp1/p1P+B+Bp3/n2p2pnP/l1G2P3/P+pKP1+p2+l/LS1S2SP+n/1NR1S1+pg1 b P 1,1000,2,1,256,5,5,1440.96,1455.5,1473.9,1000,988908,988908,1036,19,"{""ok"":5}",0,0,"[{""label"":""single-legal-move:mt1000-mpv2-t1-h256:warm1"",""candidates"":[{""move"":""8h8g"",""pvUsi"":[""8h8g"",""4b3c"",""3h2i"",""G*3b"",""P*3d"",""9e8g+"",""7g8g"",""9f9g+"",""6d9g"",""P*8f"",""7f8f"",""S*2a"",""3d3c+"",""3b3c"",""5d2a"",""1a2a""],""depth"":19,""scoreCp"":4787}]},{""label"":""single-legal-move:mt1000-mpv2-t1-h256:warm2"",""candidates"":[{""move"":""8h8g"",""pvUsi"":[""8h8g"",""4b3c"",""3h2i"",""G*3b"",""P*3d"",""9e8g+"",""7g8g"",""9f9g+"",""6d9g"",""P*8f"",""7f8f"",""S*2a"",""3d3c+"",""3b3c"",""5d2a"",""1a2a""],""depth"":19,""scoreCp"":4787}]},{""label"":""single-legal-move:mt1000-mpv2-t1-h256:warm3"",""candidates"":[{""move"":""8h8g"",""pvUsi"":[""8h8g"",""4b3c"",""3h2i"",""G*3b"",""P*3d"",""9e8g+"",""7g8g"",""9f9g+"",""6d9g"",""P*8f"",""7f8f"",""S*2a"",""3d3c+"",""3b3c"",""5d2a"",""1a2a""],""depth"":19,""scoreCp"":4787}]},{""label"":""single-legal-move:mt1000-mpv2-t1-h256:warm4"",""candidates"":[{""move"":""8h8g"",""pvUsi"":[""8h8g"",""4b3c"",""3h2i"",""G*3b"",""P*3d"",""9e8g+"",""7g8g"",""9f9g+"",""6d9g"",""P*8f"",""7f8f"",""S*2a"",""3d3c+"",""3b3c"",""5d2a"",""1a2a""],""depth"":19,""scoreCp"":4787}]},{""label"":""single-legal-move:mt1000-mpv2-t1-h256:warm5"",""candidates"":[{""move"":""8h8g"",""pvUsi"":[""8h8g"",""4b3c"",""3h2i"",""G*3b"",""P*3d"",""9e8g+"",""7g8g"",""9f9g+"",""6d9g"",""P*8f"",""7f8f"",""S*2a"",""3d3c+"",""3b3c"",""5d2a"",""1a2a""],""depth"":19,""scoreCp"":4787}]}]"
sparse-endgame,l+P1+S5/+B1+B4sl/5r+N1n/l3p3p/2g1kS2P/2P3PG1/2S5L/+n1G4pK/P+p1G1R3 b 7Pn2p 1,1000,2,1,256,5,5,1280.54,1311.1,1348.5,854.6,2260127,2646151.2,890,245,"{""mate"":5}",0,0,"[{""label"":""sparse-endgame:mt1000-mpv2-t1-h256:warm1"",""candidates"":[{""move"":""7b5d"",""pvUsi"":[""7b5d""],""depth"":245,""mateSign"":""sente"",""scoreMate"":1},{""move"":""4e5f"",""pvUsi"":[""4e5f"",""5e6d"",""4i4c+"",""9a9b"",""4c5d""],""depth"":245,""mateSign"":""sente"",""scoreMate"":5}]},{""label"":""sparse-endgame:mt1000-mpv2-t1-h256:warm2"",""candidates"":[{""move"":""7b5d"",""pvUsi"":[""7b5d""],""depth"":245,""mateSign"":""sente"",""scoreMate"":1},{""move"":""4e5f"",""pvUsi"":[""4e5f"",""5e6d"",""4i4c+"",""9a9b"",""4c5d""],""depth"":245,""mateSign"":""sente"",""scoreMate"":5}]},{""label"":""sparse-endgame:mt1000-mpv2-t1-h256:warm3"",""candidates"":[{""move"":""7b5d"",""pvUsi"":[""7b5d""],""depth"":245,""mateSign"":""sente"",""scoreMate"":1},{""move"":""4e5f"",""pvUsi"":[""4e5f"",""5e6d"",""4i4c+"",""9a9b"",""4c5d""],""depth"":245,""mateSign"":""sente"",""scoreMate"":5}]},{""label"":""sparse-endgame:mt1000-mpv2-t1-h256:warm4"",""candidates"":[{""move"":""7b5d"",""pvUsi"":[""7b5d""],""depth"":245,""mateSign"":""sente"",""scoreMate"":1},{""move"":""4e5f"",""pvUsi"":[""4e5f"",""5e6d"",""4i4c+"",""9a9b"",""4c5d""],""depth"":245,""mateSign"":""sente"",""scoreMate"":5}]},{""label"":""sparse-endgame:mt1000-mpv2-t1-h256:warm5"",""candidates"":[{""move"":""7b5d"",""pvUsi"":[""7b5d""],""depth"":245,""mateSign"":""sente"",""scoreMate"":1},{""move"":""4e5f"",""pvUsi"":[""4e5f"",""5e6d"",""4i4c+"",""9a9b"",""4c5d""],""depth"":245,""mateSign"":""sente"",""scoreMate"":5}]}]"
